{
  "k1=1_k2=5_p=0.0": {
    "description": "Dead end vs subtree(5), no blocking",
    "k1": 1,
    "k2": 5,
    "p": 0.0,
    "betas": [
      0.01,
      0.1325,
      0.255,
      0.3775,
      0.5,
      0.5,
      0.7142857142857143,
      0.9285714285714286,
      1.1428571428571428,
      1.3571428571428572,
      1.5714285714285714,
      1.7857142857142856,
      2.0,
      2.0,
      2.6,
      3.2,
      3.8,
      4.4,
      5.0,
      6.666666666666667,
      8.333333333333334,
      10.0,
      15.0,
      30.0
    ],
    "bayesian_welfare": [
      0.8335073088878614,
      0.8326701493337032,
      0.8334196359736705,
      0.8342590924866914,
      0.8333948751806675,
      0.833296914949165,
      0.8327262333995867,
      0.8335772714256271,
      0.8339411634859606,
      0.8332042987842153,
      0.833578784499332,
      0.834331858828763,
      0.8352003476372349,
      0.8362933733138247,
      0.839254873679493,
      0.842397061356701,
      0.8452575284919938,
      0.8471804984812162,
      0.8489575012835031,
      0.8484930452012734,
      0.8482232615409205,
      0.8485507103502111,
      0.8483451547612142,
      0.8487209956798835
    ],
    "greedy_welfare": [
      0.6708011155653768,
      0.6790956233820663,
      0.6833757897481878,
      0.689411460130047,
      0.6915027569661458,
      0.6947482598756525,
      0.700451692192809,
      0.7078260853602727,
      0.7132109901179879,
      0.7199572004586512,
      0.726497631768444,
      0.7316572610090949,
      0.7377086463988429,
      0.7385106985880172,
      0.749800928155086,
      0.7557379642805931,
      0.7590701160813258,
      0.7609929044537147,
      0.7628551811939358,
      0.7614170689076912,
      0.7621860341979213,
      0.762256298468686,
      0.7605353704148414,
      0.7628049132873214
    ],
    "bayesian_optimal_beta": 5.0,
    "bayesian_optimal_W": 0.8489575012835031,
    "bayesian_at_inf": 0.8487209956798835,
    "bayesian_interior_optimum": true,
    "greedy_optimal_beta": 5.0,
    "greedy_optimal_W": 0.7628551811939358,
    "greedy_at_inf": 0.7628049132873214,
    "greedy_interior_optimum": false
  },
  "k1=1_k2=5_p=0.3": {
    "description": "Dead end vs subtree(5), p=0.3",
    "k1": 1,
    "k2": 5,
    "p": 0.3,
    "betas": [
      0.01,
      0.1325,
      0.255,
      0.3775,
      0.5,
      0.5,
      0.7142857142857143,
      0.9285714285714286,
      1.1428571428571428,
      1.3571428571428572,
      1.5714285714285714,
      1.7857142857142856,
      2.0,
      2.0,
      2.6,
      3.2,
      3.8,
      4.4,
      5.0,
      6.666666666666667,
      8.333333333333334,
      10.0,
      15.0,
      30.0
    ],
    "bayesian_welfare": [
      0.7335641879324423,
      0.7319289340450955,
      0.7343517308020063,
      0.7337234341786639,
      0.7341791433611183,
      0.7319055397576396,
      0.7334554155392478,
      0.733082822465066,
      0.7338368453972853,
      0.7327989703693465,
      0.7327385360973502,
      0.7338013934581444,
      0.7339920481437877,
      0.7357573679295837,
      0.7373922306825299,
      0.7392759931728714,
      0.7414196522132117,
      0.7433929343755532,
      0.7450162545537209,
      0.7431706794335857,
      0.7435531995585724,
      0.7437022456102099,
      0.7425253896054856,
      0.7439050082044895
    ],
    "greedy_welfare": [
      0.619581220089639,
      0.6247529507861476,
      0.6285151017103731,
      0.6326086911502861,
      0.6346030790845526,
      0.6353639244799074,
      0.6409503377038298,
      0.6455172576707259,
      0.6487144660239894,
      0.6536732888018143,
      0.657587475576801,
      0.6619664409029761,
      0.665541071653327,
      0.6674871343892184,
      0.6747003802017968,
      0.678534901588713,
      0.6815662226819369,
      0.6829161169128242,
      0.6847555782343527,
      0.6820947380093945,
      0.6833037309367026,
      0.6836021732648981,
      0.6812837231686718,
      0.6837713854220024
    ],
    "bayesian_optimal_beta": 5.0,
    "bayesian_optimal_W": 0.7450162545537209,
    "bayesian_at_inf": 0.7439050082044895,
    "bayesian_interior_optimum": true,
    "greedy_optimal_beta": 5.0,
    "greedy_optimal_W": 0.6847555782343527,
    "greedy_at_inf": 0.6837713854220024,
    "greedy_interior_optimum": true
  },
  "k1=2_k2=5_p=0.0": {
    "description": "Subtree(2) vs subtree(5), no blocking",
    "k1": 2,
    "k2": 5,
    "p": 0.0,
    "betas": [
      0.01,
      0.1325,
      0.255,
      0.3775,
      0.5,
      0.5,
      0.7142857142857143,
      0.9285714285714286,
      1.1428571428571428,
      1.3571428571428572,
      1.5714285714285714,
      1.7857142857142856,
      2.0,
      2.0,
      2.6,
      3.2,
      3.8,
      4.4,
      5.0,
      6.666666666666667,
      8.333333333333334,
      10.0,
      15.0,
      30.0
    ],
    "bayesian_welfare": [
      0.8335963603114805,
      0.8325442115941841,
      0.8336967201341291,
      0.8336846604622696,
      0.8333570228523702,
      0.8336413164533848,
      0.8325775970829529,
      0.8339736230249307,
      0.8335552251517119,
      0.833178374330089,
      0.8341382001022062,
      0.8354611570315554,
      0.8376734057172684,
      0.8377062216054598,
      0.840992921654453,
      0.8452448837386303,
      0.8469485962714928,
      0.8484680344556971,
      0.849836982962158,
      0.849759586664164,
      0.849935467038826,
      0.8504184738337045,
      0.849426158837301,
      0.8498413399104229
    ],
    "greedy_welfare": [
      0.7518030101085932,
      0.7563587659814441,
      0.7594350952182128,
      0.7631781117791717,
      0.7646750292057931,
      0.7656542445433343,
      0.7686078449634445,
      0.772951453788204,
      0.7760069343597625,
      0.7803725298960574,
      0.7833870755879695,
      0.7866362106169853,
      0.7898456972329198,
      0.7906095618177079,
      0.7965971245060997,
      0.7998927187854148,
      0.8015003076670092,
      0.8024594330381518,
      0.8045276968575537,
      0.8030531032817267,
      0.8037746075513663,
      0.8042014410508388,
      0.8027370012995989,
      0.8038499267264132
    ],
    "bayesian_optimal_beta": 10.0,
    "bayesian_optimal_W": 0.8504184738337045,
    "bayesian_at_inf": 0.8498413399104229,
    "bayesian_interior_optimum": true,
    "greedy_optimal_beta": 5.0,
    "greedy_optimal_W": 0.8045276968575537,
    "greedy_at_inf": 0.8038499267264132,
    "greedy_interior_optimum": true
  },
  "k1=2_k2=5_p=0.3": {
    "description": "Subtree(2) vs subtree(5), p=0.3",
    "k1": 2,
    "k2": 5,
    "p": 0.3,
    "betas": [
      0.01,
      0.1325,
      0.255,
      0.3775,
      0.5,
      0.5,
      0.7142857142857143,
      0.9285714285714286,
      1.1428571428571428,
      1.3571428571428572,
      1.5714285714285714,
      1.7857142857142856,
      2.0,
      2.0,
      2.6,
      3.2,
      3.8,
      4.4,
      5.0,
      6.666666666666667,
      8.333333333333334,
      10.0,
      15.0,
      30.0
    ],
    "bayesian_welfare": [
      0.7833911867649734,
      0.7820768375040862,
      0.783875975640436,
      0.783788389650154,
      0.7838823031550468,
      0.7831140164459554,
      0.7832628302321327,
      0.7837119602756547,
      0.7834810031341378,
      0.7831773858387131,
      0.7833363480420149,
      0.7848877482043057,
      0.7855489134730067,
      0.7870148359411051,
      0.788141142232816,
      0.7905211153832552,
      0.7933607959584476,
      0.7944814625569194,
      0.7959210433180535,
      0.7950893361414759,
      0.7948183520687857,
      0.7949797701747052,
      0.7930353981269285,
      0.7950043725532151
    ],