{
  "scenario_1": {
    "name": "Platform Lock-in",
    "betas": [
      0.001,
      0.1,
      0.25,
      0.5,
      0.75,
      1.0,
      1.5,
      2.0,
      3.0,
      5.0,
      8.0,
      15.0
    ],
    "losses": [
      0.151596,
      0.15980400000000003,
      0.16669800000000004,
      0.175302,
      0.18381600000000003,
      0.19330800000000004,
      0.21421800000000002,
      0.23834400000000003,
      0.28639799999999993,
      0.3,
      0.3,
      0.3
    ],
    "reversal": true,
    "reversal_pairs": [
      [
        0.001,
        0.1,
        0.151596,
        0.15980400000000003
      ],
      [
        0.1,
        0.25,
        0.15980400000000003,
        0.16669800000000004
      ],
      [
        0.25,
        0.5,
        0.16669800000000004,
        0.175302
      ],
      [
        0.5,
        0.75,
        0.175302,
        0.18381600000000003
      ],
      [
        0.75,
        1.0,
        0.18381600000000003,
        0.19330800000000004
      ],
      [
        1.0,
        1.5,
        0.19330800000000004,
        0.21421800000000002
      ],
      [
        1.5,
        2.0,
        0.21421800000000002,
        0.23834400000000003
      ],
      [
        2.0,
        3.0,
        0.23834400000000003,
        0.28639799999999993
      ],
      [
        3.0,
        5.0,
        0.28639799999999993,
        0.3
      ]
    ]
  },
  "scenario_2": {
    "name": "Platform Lock-in (Extended)",
    "betas": [
      0.001,
      0.1,
      0.25,
      0.5,
      0.75,
      1.0,
      1.5,
      2.0,
      3.0,
      5.0,
      8.0,
      15.0
    ],
    "losses": [
      0.35778699999999997,
      0.32219299999999995,
      0.30092300000000005,
      0.274005,
      0.25369,
      0.238822,
      0.22859900000000002,
      0.239861,
      0.286086,
      0.3,
      0.3,
      0.3
    ],
    "reversal": true
  },
  "greedy_vs_idp": {
    "greedy_loss": 0.3,
    "idp_loss": 0.0
  }
}