{
  "p_0.1": {
    "beta_values": [
      0.5,
      1.0,
      1.5,
      2.0,
      2.5,
      3.0,
      4.0,
      5.0,
      7.0,
      10.0
    ],
    "mean_loss": [
      0.3759186423785682,
      0.32658210518586345,
      0.2559851227801846,
      0.19050813919718715,
      0.13385538172738984,
      0.11770915776673467,
      0.13036661920890363,
      0.161527153242701,
      0.18459788969247634,
      0.19932687221812315
    ]
  },
  "p_0.7": {
    "beta_values": [
      0.5,
      1.0,
      1.5,
      2.0,
      2.5,
      3.0,
      4.0,
      5.0,
      7.0,
      10.0
    ],
    "mean_loss": [
      0.4682369239472365,
      0.45224584919206356,
      0.4308488267894871,
      0.42692136896916943,
      0.3983702626298089,
      0.32461954463115056,
      0.26675197168465475,
      0.2782606367438428,
      0.30124036776896485,
      0.2984659994930423
    ]
  }
}