{
  "p_initial": 0.7,
  "beta": 5.0,
  "n": 50,
  "M": 400,
  "repair_fractions": [
    0.0,
    0.041666666666666664,
    0.08333333333333333,
    0.125,
    0.16666666666666666,
    0.20833333333333331,
    0.25,
    0.29166666666666663,
    0.3333333333333333,
    0.375,
    0.41666666666666663,
    0.4583333333333333,
    0.5,
    0.5416666666666666,
    0.5833333333333333,
    0.625,
    0.6666666666666666,
    0.7083333333333333,
    0.75,
    0.7916666666666666,
    0.8333333333333333,
    0.875,
    0.9166666666666666,
    0.9583333333333333,
    1.0
  ],
  "p_effective": [
    0.7,
    0.6708333333333333,
    0.6416666666666666,
    0.6124999999999999,
    0.5833333333333334,
    0.5541666666666667,
    0.5249999999999999,
    0.49583333333333335,
    0.4666666666666667,
    0.4375,
    0.4083333333333333,
    0.3791666666666667,
    0.35,
    0.32083333333333336,
    0.2916666666666667,
    0.26249999999999996,
    0.23333333333333334,
    0.20416666666666672,
    0.175,
    0.14583333333333334,
    0.11666666666666671,
    0.0875,
    0.058333333333333355,
    0.029166666666666716,
    0.0
  ],
  "mean_loss": [
    0.3702969863284335,
    0.38169913319049636,
    0.33455112024001465,
    0.34208017811013564,
    0.31145720972061497,
    0.29175937500852117,
    0.270815209964077,
    0.27866002615300844,
    0.26031275903779955,
    0.24664975430191205,
    0.24901859760683986,
    0.22561450748704978,
    0.21572390568560082,
    0.20994638348179934,
    0.19242985109714095,
    0.19113310890295604,
    0.19438605919123847,
    0.18027503605480355,
    0.18863826352911636,
    0.1637792535822302,
    0.15430278227151276,
    0.1467112855108773,
    0.14184342999084731,
    0.14757412345272983,
    0.14584525521716749
  ],
  "std_loss": [
    0.27739718206146996,
    0.2674148405328687,
    0.26410320455506264,
    0.250373785679478,
    0.24592509290514944,
    0.2337592473478725,
    0.22964894687351287,
    0.23287851382439564,
    0.21528850552794554,
    0.21922443236117806,
    0.21607314558857182,
    0.1913487268258536,
    0.1895530339920473,
    0.19350666308275766,
    0.16725199293814533,
    0.1681856324997012,
    0.17502360516431076,
    0.17119042663774856,
    0.16618636764861097,
    0.15414890287851216,
    0.14276275918942308,
    0.13214457905684385,
    0.12177745418762613,
    0.14075311303677313,
    0.13488542433649267
  ],
  "mean_reachable": [
    0.0021066666666666664,
    0.0035333333333333336,
    0.00296,
    0.012533333333333334,
    0.024759999999999994,
    0.05821333333333334,
    0.20609333333333332,
    0.43752,
    0.66332,
    0.7892133333333333,
    0.8811599999999999,
    0.9615199999999999,
    0.9739333333333333,
    0.9839866666666667,
    0.9903733333333332,
    0.99424,
    0.9963466666666665,
    0.9982266666666665,
    0.999,
    0.9996399999999999,
    0.9997866666666667,
    0.9999466666666668,
    0.9999866666666667,
    1.0,
    1.0
  ],
  "p10_loss": [
    0.050173988434865265,
    0.05729124278352238,
    0.04557173132319305,
    0.06490866270321008,
    0.04742928952218968,
    0.0356467287066385,
    0.02396854202544706,
    0.03939190566038129,
    0.03400361109188916,
    0.0254975398959717,
    0.02988954293910754,
    0.026288214505641134,
    0.026691431701097838,
    0.030471859289595567,
    0.026220886256757753,
    0.028570011337726398,
    0.022552969553080837,
    0.023962967094431596,
    0.018978217519169897,
    0.019218712196893386,
    0.016936970908380058,
    0.017325254328976695,
    0.014624206568057463,
    0.012637340255304176,
    0.012864961929361133
  ],
  "p90_loss": [
    0.81433438540364,
    0.7872522569885411,
    0.7500115290771756,
    0.7396193747308819,
    0.6700600810308093,
    0.6435973384522078,
    0.6045279217521935,
    0.6385415950899478,
    0.5874146713850261,
    0.5683768467488243,
    0.5621773903247711,
    0.5121365139722917,
    0.48284072434802894,
    0.48093810741912485,
    0.4351494522536917,
    0.39677743426563433,
    0.44122711396146824,
    0.42492792061398943,
    0.40565702163517353,
    0.37663330362041786,
    0.3438910642590675,
    0.34670893658765284,
    0.3166401611693319,
    0.34842074649963944,
    0.3263650580299996
  ]
}