{
  "15": {
    "n": 15,
    "beta": 3.0,
    "M": 300,
    "p_values": [
      0.25,
      0.2672413793103448,
      0.28448275862068967,
      0.3017241379310345,
      0.31896551724137934,
      0.33620689655172414,
      0.35344827586206895,
      0.3706896551724138,
      0.3879310344827586,
      0.4051724137931034,
      0.4224137931034483,
      0.4396551724137931,
      0.4568965517241379,
      0.47413793103448276,
      0.49137931034482757,
      0.5086206896551724,
      0.5258620689655172,
      0.5431034482758621,
      0.5603448275862069,
      0.5775862068965517,
      0.5948275862068966,
      0.6120689655172413,
      0.6293103448275862,
      0.646551724137931,
      0.6637931034482758,
      0.6810344827586207,
      0.6982758620689655,
      0.7155172413793103,
      0.7327586206896551,
      0.75
    ],
    "mean_loss": [
      0.1348891658166691,
      0.15900019237123142,
      0.14550042659900755,
      0.15035560292042902,
      0.16918755675614244,
      0.17106013894404962,
      0.16742095074047575,
      0.17525760226362253,
      0.18703169882373066,
      0.2042043064788787,
      0.2194849729281453,
      0.2240358204153611,
      0.22142088116691117,
      0.2253206248517921,
      0.235860929042094,
      0.23873569707209039,
      0.26363079123063415,
      0.2701996928844325,
      0.27421709866712324,
      0.25926254223077383,
      0.3054230944484827,
      0.30774740739347106,
      0.3007278534600697,
      0.3107514908372265,
      0.31116737304925957,
      0.3372025464685419,
      0.3937277006998259,
      0.3655237937892174,
      0.4162203038915045,
      0.3839448516199473
    ],
    "var_loss": [
      0.015850201525967944,
      0.024041798987237618,
      0.018106931949192433,
      0.019670351465708828,
      0.023587454226457086,
      0.02794928555454067,
      0.024002649379807697,
      0.025872250393721156,
      0.02727397586433702,
      0.03311662411078933,
      0.03867718067909358,
      0.04218950991419219,
      0.03604112587927919,
      0.03524023657964221,
      0.05149696683551273,
      0.04232388944511938,
      0.055588021954263336,
      0.052306869321803826,
      0.05053721339494924,
      0.0517926470959897,
      0.06644859023007298,
      0.058214153424344654,
      0.057438588840527854,
      0.061101026290518966,
      0.0660487642249543,
      0.06621712616664852,
      0.08047757025038199,
      0.07537141059275895,
      0.076528434615854,
      0.08303763788835412
    ],
    "mean_reachable": [
      0.9944888888888889,
      0.9933333333333333,
      0.9911111111111112,
      0.9282666666666666,
      0.9848,
      0.9593777777777778,
      0.9378666666666667,
      0.9305777777777777,
      0.9011555555555556,
      0.9106666666666666,
      0.8399111111111109,
      0.836888888888889,
      0.763288888888889,
      0.7095999999999999,
      0.6316444444444445,
      0.5272888888888889,
      0.4155555555555555,
      0.42880000000000007,
      0.2776888888888889,
      0.17493333333333336,
      0.14844444444444443,
      0.11804444444444444,
      0.1,
      0.0688,
      0.0528,
      0.036177777777777774,
      0.03235555555555556,
      0.03493333333333333,
      0.019733333333333335,
      0.02017777777777778
    ]
  },
  "25": {
    "n": 25,
    "beta": 3.0,
    "M": 300,
    "p_values": [
      0.25,
      0.2672413793103448,
      0.28448275862068967,
      0.3017241379310345,
      0.31896551724137934,
      0.33620689655172414,
      0.35344827586206895,
      0.3706896551724138,
      0.3879310344827586,
      0.4051724137931034,
      0.4224137931034483,
      0.4396551724137931,
      0.4568965517241379,
      0.47413793103448276,
      0.49137931034482757,
      0.5086206896551724,
      0.5258620689655172,
      0.5431034482758621,
      0.5603448275862069,
      0.5775862068965517,
      0.5948275862068966,
      0.6120689655172413,
      0.6293103448275862,
      0.646551724137931,
      0.6637931034482758,
      0.6810344827586207,
      0.6982758620689655,
      0.7155172413793103,
      0.7327586206896551,
      0.75
    ],
    "mean_loss": [
      0.12214039704301714,
      0.1382061199930001,
      0.1521491429839194,
      0.14982491203987156,
      0.15760721505491135,
      0.1609573153879071,
      0.1704658437180137,
      0.1746651420380998,
      0.18590153556280828,
      0.19704358871836233,
      0.1842569738035418,
      0.21326607846596835,
      0.2045514258484147,
      0.22391769147577312,
      0.23711633195935192,
      0.24260779848988714,
      0.2567525404053531,
      0.2592192635203493,
      0.2767966453509916,
      0.2735866536633171,
      0.28988583140763124,
      0.33699171704934433,
      0.32344506341608525,
      0.351026407373393,
      0.3245077578536193,
      0.3409660527256056,
      0.37045504544316094,
      0.3936279153623292,
      0.38319048306107856,
      0.4338754913638074
    ],
    "var_loss": [
      0.011006397275088432,
      0.016191380353111275,
      0.017215172858410337,
      0.018918018646592507,
      0.022192654161483947,
      0.020762493990211746,
      0.023575805946837704,
      0.0245402839377502,
      0.0315083555050103,
      0.03343991704779018,
      0.032080585053622455,
      0.03893179728537286,
      0.03479593838958423,
      0.04043095439376445,
      0.047350987583448974,
      0.040655590023760964,
      0.05221470962657023,
      0.05233426482974666,
      0.05538515008866662,
      0.0588791721871961,
      0.05943723065807101,
      0.0644939396719844,
      0.06725904659154346,
      0.06946956084860469,
      0.06305716196629166,
      0.07057672352250877,
      0.06883140218733536,
      0.07643935150792021,
      0.07695402618569598,
      0.0783149042689026
    ],
    "mean_reachable": [
      0.995424,
      0.993536,
      0.9904000000000001,
      0.98688,
      0.984896,
      0.980256,
      0.935456,
      0.963072,
      0.9384639999999999,
      0.9038080000000001,
      0.9114559999999998,
      0.803648,
      0.7942400000000001,
      0.6821440000000001,
      0.552064,
      0.507264,
      0.379552,
      0.172416,
      0.09942400000000001,
      0.08864000000000001,
      0.04511999999999999,
      0.029727999999999997,
      0.022240000000000003,
      0.02016,
      0.016768,
      0.008768,
      0.009376,
      0.010016,
      0.0063679999999999995,
      0.0064
    ]
  },
  "40": {
    "n": 40,
    "beta": 3.0,
    "M": 300,
    "p_values": [
      0.25,
      0.2672413793103448,
      0.28448275862068967,
      0.3017241379310345,
      0.31896551724137934,
      0.33620689655172414,
      0.35344827586206895,
      0.3706896551724138,
      0.3879310344827586,
      0.4051724137931034,
      0.4224137931034483,
      0.4396551724137931,
      0.4568965517241379,
      0.47413793103448276,
      0.49137931034482757,
      0.5086206896551724,
      0.5258620689655172,
      0.5431034482758621,
      0.5603448275862069,
      0.5775862068965517,
      0.5948275862068966,
      0.6120689655172413,
      0.6293103448275862,
      0.646551724137931,
      0.6637931034482758,
      0.6810344827586207,
      0.6982758620689655,
      0.7155172413793103,
      0.7327586206896551,
      0.75
    ],