{
  "chain_analytical": {
    "0": {
      "W_0": 0.20084054565490683,
      "W_inf": 0.40000000000000013,
      "ratio": 2
    },
    "1": {
      "W_0": 0.1341748987592594,
      "W_inf": 0.40000000000000013,
      "ratio": 3
    },
    "2": {
      "W_0": 0.10076832685505098,
      "W_inf": 0.40000000000000013,
      "ratio": 4
    },
    "5": {
      "W_0": 0.05772037022090542,
      "W_inf": 0.40000000000000013,
      "ratio": 7
    },
    "10": {
      "W_0": 0.03373971199539057,
      "W_inf": 0.40000000000000013,
      "ratio": 12
    },
    "20": {
      "W_0": 0.018441940159193478,
      "W_inf": 0.40000000000000013,
      "ratio": 22
    }
  },
  "percolation": {
    "0.3": {
      "0": {
        "prevalence": 0.0006741573033707865,
        "mean_gap": 0.0074615737119939395
      },
      "1": {
        "prevalence": 0.0016863406408094434,
        "mean_gap": 0.07399006114385044
      },
      "2": {
        "prevalence": 0.0013487692480611442,
        "mean_gap": 0.06616371546149503
      },
      "3": {
        "prevalence": 0.0003370407819346141,
        "mean_gap": 0.027049929003662095
      },
      "5": {
        "prevalence": 0.0005628095452498874,
        "mean_gap": 0.0488621990259282
      },
      "10": {
        "prevalence": 0.00022456770716370987,
        "mean_gap": 0.024280670514048475
      }
    },
    "0.5": {
      "0": {
        "prevalence": 0.00691595358105732,
        "mean_gap": 0.16797039746766962
      },
      "1": {
        "prevalence": 0.0055248618784530384,
        "mean_gap": 0.1369617645118404
      },
      "2": {
        "prevalence": 0.004449648711943794,
        "mean_gap": 0.18703287970508278
      },
      "3": {
        "prevalence": 0.00854600796066495,
        "mean_gap": 0.3402371662198336
      },
      "5": {
        "prevalence": 0.0061981054847386275,
        "mean_gap": 0.22820372003022885
      },
      "10": {
        "prevalence": 0.007039774727208729,
        "mean_gap": 0.3267555143041772
      }
    },
    "0.6": {
      "0": {
        "prevalence": 0.012195121951219513,
        "mean_gap": 0.156068638613457
      },
      "1": {
        "prevalence": 0.011497034975190609,
        "mean_gap": 0.3084653151876606
      },
      "2": {
        "prevalence": 0.011963746223564956,
        "mean_gap": 0.41623007286118535
      },
      "3": {
        "prevalence": 0.012033548073416798,
        "mean_gap": 0.24978911708522988
      },
      "5": {
        "prevalence": 0.016097797143548778,
        "mean_gap": 0.4031750420727861
      },
      "10": {
        "prevalence": 0.019104404964711608,
        "mean_gap": 0.4631479715780548
      }
    },
    "0.7": {
      "0": {
        "prevalence": 0.03601425299058285,
        "mean_gap": 0.2852591838758778
      },
      "1": {
        "prevalence": 0.031966377992868056,
        "mean_gap": 0.29592936256910074
      },
      "2": {
        "prevalence": 0.03362944162436548,
        "mean_gap": 0.3955778224105148
      },
      "3": {
        "prevalence": 0.03373801916932907,
        "mean_gap": 0.4579749390794072
      },
      "5": {
        "prevalence": 0.0298847663669748,
        "mean_gap": 0.4474946083205105
      },
      "10": {
        "prevalence": 0.0364656381486676,
        "mean_gap": 0.4080988660320643
      }
    },
    "0.8": {
      "0": {
        "prevalence": 0.06168655097613883,
        "mean_gap": 0.2418971702093341
      },
      "1": {
        "prevalence": 0.06335149863760219,
        "mean_gap": 0.3547919073734817
      },
      "2": {
        "prevalence": 0.06493506493506493,
        "mean_gap": 0.4037927265471867
      },
      "3": {
        "prevalence": 0.05951417004048583,
        "mean_gap": 0.44940867498986264
      },
      "5": {
        "prevalence": 0.06277114967462039,
        "mean_gap": 0.3873799529164136
      },
      "10": {
        "prevalence": 0.06447721179624664,
        "mean_gap": 0.4379442698021904
      }
    }
  }
}