{
  "sharp_transition": {
    "p_values": [
      0.0,
      0.024999999999999998,
      0.049999999999999996,
      0.075,
      0.09999999999999999,
      0.12499999999999999,
      0.15,
      0.175,
      0.19999999999999998,
      0.22499999999999998,
      0.24999999999999997,
      0.27499999999999997,
      0.3,
      0.32499999999999996,
      0.35,
      0.37499999999999994,
      0.39999999999999997,
      0.425,
      0.44999999999999996,
      0.475,
      0.49999999999999994,
      0.5249999999999999,
      0.5499999999999999,
      0.575,
      0.6,
      0.625,
      0.6499999999999999,
      0.6749999999999999,
      0.7,
      0.725,
      0.7499999999999999,
      0.7749999999999999,
      0.7999999999999999,
      0.825,
      0.85
    ],
    "mean_loss": [
      0.1026767654170443,
      0.09495179637330238,
      0.10881595155946892,
      0.10745549442485082,
      0.10355606679456895,
      0.11826884796305538,
      0.11461497700984896,
      0.11775214784933244,
      0.11768785118832835,
      0.1253031306059138,
      0.13381104428142382,
      0.13484743487878792,
      0.1294642952158671,
      0.1370533777326602,
      0.17589955593202444,
      0.17630813433175185,
      0.18640974145554687,
      0.1796327570323049,
      0.19048880252605965,
      0.21294864814290332,
      0.23317133701409942,
      0.22602607899747432,
      0.2720440009422338,
      0.26906912377953385,
      0.28660040021401445,
      0.2915416728364969,
      0.3575647874162239,
      0.35556736970463254,
      0.37045781507833275,
      0.41697999361375254,
      0.4067177982012071,
      0.44647238311426507,
      0.4412794163370929,
      0.4458034038775219,
      0.4859772260928825
    ],
    "var_loss": [
      0.009418342583954119,
      0.007300636866208897,
      0.010558832497372979,
      0.009315635017658615,
      0.01013393753156485,
      0.009869412306800824,
      0.01177693926914834,
      0.011791275374208866,
      0.012640109083919292,
      0.011065469307648915,
      0.014800573504617729,
      0.014731784104169188,
      0.015315547842228818,
      0.01600965544919173,
      0.028851920322912436,
      0.024493109287408377,
      0.03148930124753183,
      0.029583421667195332,
      0.03259080807391413,
      0.038793631765912925,
      0.046024852336955406,
      0.043209277956612675,
      0.05509967687373985,
      0.05295464018413295,
      0.05825189827812327,
      0.059494567921947,
      0.06982278526883783,
      0.06792861291949809,
      0.07633080376221779,
      0.08454623283710365,
      0.08556345161039179,
      0.08729850273106328,
      0.08128417813524334,
      0.07685293723765212,
      0.08435296741334807
    ],
    "bimodality_coeff": [
      0.48241215314918723,
      0.5931365043657213,
      0.5953458047356981,
      0.5878358979341062,
      0.5512581658862565,
      0.5487366940364387,
      0.5262319564222858,
      0.6315906492738907,
      0.580081997563158,
      0.5911548895222393,
      0.5408289706503528,
      0.49740377260065344,
      0.5479872703298644,
      0.5927628174984255,
      0.6230548731706531,
      0.5266513376026427,
      0.6108245005446681,
      0.6205126888941974,
      0.6169289895683657,
      0.6308692848489224,
      0.6426484768472358,
      0.6387124675093278,
      0.6475936388392247,
      0.6526674981417973,
      0.6408576065767196,
      0.6170120104477984,
      0.5764287800221374,
      0.5841437074362104,
      0.6244156216669436,
      0.5757927176051787,
      0.5992515937874083,
      0.5889873714374718,
      0.5823546231736053,
      0.5549493778548552,
      0.554143682224638
    ],
    "reachable_frac": [
      1.0,
      1.0,
      0.9999866666666667,
      0.9999600000000001,
      0.99992,
      0.9997866666666667,
      0.9993733333333333,
      0.9989466666666668,
      0.9979466666666666,
      0.997173333333333,
      0.9950399999999999,
      0.9928800000000001,
      0.9888666666666668,
      0.9830133333333334,
      0.97532,
      0.9650133333333333,
      0.9195600000000002,
      0.8323333333333333,
      0.80432,
      0.7443333333333333,
      0.44448000000000004,
      0.17932,
      0.06324,
      0.027,
      0.015199999999999997,
      0.007253333333333333,
      0.005266666666666666,
      0.0052,
      0.0024933333333333335,
      0.0014799999999999998,
      0.002186666666666666,
      0.00116,
      0.0012,
      0.0008133333333333333,
      0.00076
    ]
  },
  "beta_floor": {
    "p_0.1": {
      "beta_values": [
        0.5,
        1.0,
        1.5,
        2.0,
        2.5,
        3.0,
        4.0,
        5.0,
        7.0,
        10.0
      ],
      "mean_loss": [
        0.3880883485718139,
        0.33731319640545687,
        0.26362230562041894,
        0.18177390474709915,
        0.13072075890253648,
        0.10432029972601568,
        0.1271685112921059,
        0.14764844504475383,
        0.18973348788266645,
        0.19541034175613922
      ]
    },
    "p_0.7": {
      "beta_values": [
        0.5,
        1.0,
        1.5,
        2.0,
        2.5,
        3.0,
        4.0,
        5.0,
        7.0,
        10.0
      ],
      "mean_loss": [
        0.4747888509977368,
        0.40207967803789085,
        0.40737021867767464,
        0.4070729240566124,
        0.3483673173050945,
        0.3554876744896175,
        0.4009038742748438,
        0.37457551986755944,
        0.3836841404591998,
        0.41651123067006246
      ]
    }
  }
}