{
  "exp1_p_sweep": {
    "p_values": [
      0.0,
      0.02435897435897436,
      0.04871794871794872,
      0.07307692307692308,
      0.09743589743589744,
      0.12179487179487179,
      0.14615384615384616,
      0.17051282051282052,
      0.19487179487179487,
      0.21923076923076923,
      0.24358974358974358,
      0.26794871794871794,
      0.2923076923076923,
      0.31666666666666665,
      0.34102564102564104,
      0.36538461538461536,
      0.38974358974358975,
      0.41410256410256413,
      0.43846153846153846,
      0.46282051282051284,
      0.48717948717948717,
      0.5115384615384615,
      0.5358974358974359,
      0.5602564102564103,
      0.5846153846153846,
      0.608974358974359,
      0.6333333333333333,
      0.6576923076923077,
      0.6820512820512821,
      0.7064102564102565,
      0.7307692307692307,
      0.7551282051282051,
      0.7794871794871795,
      0.8038461538461539,
      0.8282051282051283,
      0.8525641025641025,
      0.8769230769230769,
      0.9012820512820513,
      0.9256410256410257,
      0.95
    ],
    "mean_loss": [
      0.32218145123410713,
      0.32208031594275754,
      0.33190350284754294,
      0.31592911086002184,
      0.3320537195698985,
      0.33214513382233596,
      0.30992858911623555,
      0.33204399297760984,
      0.3378249415005727,
      0.3427835618299582,
      0.3338264422112325,
      0.31514385520116006,
      0.34062052777358165,
      0.3318780950703772,
      0.33953720132853754,
      0.33237385793098523,
      0.31601031459470824,
      0.34726572206000866,
      0.3535264561864269,
      0.3530267012080127,
      0.35203977716257623,
      0.341137070046563,
      0.36945158565986597,
      0.38378858030833923,
      0.38814591886924177,
      0.4099657501175325,
      0.4077188638903641,
      0.4460433804206328,
      0.4410580607013976,
      0.41841716764361386,
      0.45766201175769244,
      0.4567835771810462,
      0.4586267399793195,
      0.46019225847556067,
      0.48355141062819473,
      0.4872392870531479,
      0.48687081145316136,
      0.47623443708667185,
      0.4942445630093323,
      0.4707848921421887
    ],
    "reachable_frac": [
      1.0,
      1.0,
      1.0,
      0.9999777777777777,
      0.9799555555555556,
      0.999711111111111,
      0.999511111111111,
      0.9990888888888889,
      0.9985555555555555,
      0.9774666666666667,
      0.9963333333333333,
      0.9930888888888889,
      0.9695777777777778,
      0.985022222222222,
      0.960088888888889,
      0.9516444444444445,
      0.9176000000000001,
      0.8062666666666668,
      0.8171999999999998,
      0.7997555555555554,
      0.6158,
      0.3999111111111111,
      0.2947111111111111,
      0.07635555555555555,
      0.0460888888888889,
      0.0262,
      0.0264,
      0.008755555555555555,
      0.00908888888888889,
      0.006577777777777777,
      0.006311111111111112,
      0.0038222222222222216,
      0.0032444444444444448,
      0.0026222222222222224,
      0.0022888888888888885,
      0.002,
      0.0014444444444444444,
      0.0017555555555555556,
      0.0018666666666666664,
      0.0013777777777777775
    ]
  },
  "exp2_beta_low": {
    "beta_values": [
      0.1,
      0.35789473684210527,
      0.6157894736842106,
      0.8736842105263158,
      1.1315789473684212,
      1.3894736842105266,
      1.6473684210526318,
      1.905263157894737,
      2.1631578947368424,
      2.421052631578948,
      2.678947368421053,
      2.936842105263158,
      3.1947368421052635,
      3.452631578947369,
      3.710526315789474,
      3.9684210526315793,
      4.226315789473684,
      4.484210526315789,
      4.742105263157895,
      5.0
    ],
    "mean_loss": [
      0.4402414451893704,
      0.4073671149969417,
      0.38208472544095967,
      0.34526669492354195,
      0.30445927077148327,
      0.25541186823831413,
      0.22313247387129195,
      0.18314696236132383,
      0.1794441404599568,
      0.14480698715730625,
      0.13932564928704275,
      0.12652209014264038,
      0.12790049376758886,
      0.13674400730771694,
      0.13817222938032525,
      0.15789504974916382,
      0.15451444916382776,
      0.15631989373020638,
      0.17299182490436796,
      0.15785574775098718
    ],
    "p": 0.15
  },
  "exp2_beta_high": {
    "beta_values": [
      0.1,
      0.35789473684210527,
      0.6157894736842106,
      0.8736842105263158,
      1.1315789473684212,
      1.3894736842105266,
      1.6473684210526318,
      1.905263157894737,
      2.1631578947368424,
      2.421052631578948,
      2.678947368421053,
      2.936842105263158,
      3.1947368421052635,
      3.452631578947369,
      3.710526315789474,
      3.9684210526315793,
      4.226315789473684,
      4.484210526315789,
      4.742105263157895,
      5.0
    ],
    "mean_loss": [
      0.5107264801392749,
      0.470523392278303,
      0.43814344791326165,
      0.4555084321917974,
      0.4331934104050208,
      0.4100285631121756,
      0.34510323878480764,
      0.4095048028996426,
      0.40923370202640996,
      0.37343512604741846,
      0.3964461308243573,
      0.37132239469543554,
      0.3761025503947981,
      0.38264419968875407,
      0.35075050233883986,
      0.37752232835949034,
      0.39735454946975235,
      0.38219426388058403,
      0.37928957051926915,
      0.39325255906704953
    ],
    "p": 0.7
  }
}